id;source;destination;start_time;car;passengers;contact_no
1;Architect;e-business Solutions;2020-12-11T10:51:23;Principal Avon;24123;Greens Generic array
2;Assurance Universal Rhode Island;invoice Group;2020-12-11T07:52:31;Auto Loan Account Bedfordshire Aruban Guilder;38871;Personal Loan Account Cotton infomediaries
3;Self-enabling back up;Licensed;2020-12-11T16:45:20;bandwidth Practical;98564;Corporate
4;Cross-group;EXE;2020-12-11T08:33:15;Handmade;48941;Ergonomic distributed Orchestrator
5;networks;Gorgeous Bahamian Dollar Tools;2020-12-11T08:49:46;card target program;56883;unleash International
6;SSL Home Loan Account Practical Metal Tuna;fault-tolerant;2020-12-11T14:02:19;HDD;24370;Rubber PCI navigating
7;Cote d'Ivoire Buckinghamshire time-frame;digital Louisiana Alabama;2020-12-11T17:53:40;bypassing Communications;17285;generating Movies
8;firewall Creative Estate;circuit;2020-12-11T19:32:50;deposit Credit Card Account;84558;Versatile content
9;Handmade Wooden Shirt;Netherlands Antillian Guilder;2020-12-11T22:54:03;Internal;76565;Total Checking Account
10;cross-media Grocery UIC-Franc;program niches Executive;2020-12-11T19:57:39;Maine Consultant matrices;92896;Infrastructure
